1.0520872633754305e-06,3.6964767663309087e-07,7.972557277906379e-08,5.594317150552938e-07,2.3994896468540326e-07,2.024949006552816e-07,6.56067717266405e-08,1.1442372614070615e-07,1.350823732747858e-07,7.526097659870828e-08,3.06947508798376e-08,6.828841134740842e-08,6.096985609892785e-08,2.3482895456300946e-08,1.4892619185583598e-08,3.1300212390055466e-08,2.974279297953383e-08,1.3167135598599719e-08,3.5228914786591315e-09,9.459453508132163e-09,9.295097157317367e-09,3.385001664747968e-09,3.9874843623661244e-09,5.677075757698965e-09,3.918101991302327e-09,1.2614704346761031e-09,2.885713306290973e-09,2.869797563940439e-09,1.245301009282509e-09,1.1524879327059544e-09,1.5843209757370294e-09,1.1452432748045967e-09,2.443012342487646e-10,5.202032210784102e-10,5.189520118543004e-10,2.4287986480854777e-10
3.6964767663309076e-07,1.2066960399243846e-06,3.696499750297695e-07,6.62171672343346e-07,6.621718150590645e-07,1.64076191942172e-07,1.6408843312405966e-07,1.4239508848155875e-07,2.1270978505189802e-07,1.4240248825081702e-07,4.1107371120247584e-08,9.966657268456725e-08,9.966946187277687e-08,4.11159898027099e-08,2.1516611859448047e-08,4.697361172067048e-08,4.6975472629468876e-08,2.152187104413438e-08,5.309667832583208e-09,1.4423282455872707e-08,1.4424181065518566e-08,5.312022020918702e-09,6.078944625492713e-09,8.732176363030005e-09,6.080010185505729e-09,1.9273231424461867e-09,4.4260844080259844e-09,4.426423547286037e-09,1.928185067469602e-09,1.766858858178621e-09,2.4368302569380608e-09,1.7672279236499818e-09,3.7455100353797186e-10,7.990763486168108e-10,7.992331320926202e-10,3.747704340823844e-10
7.972557277906376e-08,3.696499750297693e-07,1.052093431634743e-06,2.3994793440011496e-07,5.594388442713367e-07,6.560244739288393e-08,2.0251356784772362e-07,7.525839835046457e-08,1.3508512486090104e-07,1.1443217641947965e-07,2.347866014269951e-08,6.096974886387192e-08,6.829234527069185e-08,3.070225293853759e-08,1.316439527060124e-08,2.974263734109636e-08,3.130255992793704e-08,1.489684371854577e-08,3.383642158766724e-09,9.294892283702732e-09,9.460428063621708e-09,3.524603954858646e-09,3.917580306294221e-09,5.677312609501124e-09,3.988353268290322e-09,1.2447981977036278e-09,2.869700223180424e-09,2.88605811302422e-09,1.2620896767720999e-09,1.1450537420758573e-09,1.5843894943523907e-09,1.152778860248827e-09,2.4274823952117625e-10,5.188728183180974e-10,5.20327999349842e-10,2.444550613987566e-10
5.594317150552935e-07,6.621716723433462e-07,2.399479344001149e-07,1.9799256587664894e-06,9.445635734736941e-07,6.496149786291677e-07,2.7492269051262994e-07,5.002914448684335e-07,6.284977305606161e-07,3.4194761010323725e-07,1.3585518635738055e-07,3.0994451661237714e-07,2.7947013051922495e-07,1.0712992757573555e-07,6.711299740572803e-08,1.4207174062452267e-07,1.3570321006470016e-07,6.012457680681552e-08,1.598179961510855e-08,4.29795476462382e-08,4.231092332845719e-08,1.542189538048549e-08,1.811548583835501e-08,2.5817557773949953e-08,1.7833579751697262e-08,5.732328457302169e-09,1.3118966723849094e-08,1.3054325918733538e-08,5.666825102560731e-09,5.239107671867169e-09,7.204722457644115e-09,5.209752369549075e-09,1.1105756571797124e-09,2.365297232736606e-09,2.3602563236205067e-09,1.1048621696636926e-09
2.3994896468540315e-07,6.621718150590649e-07,5.594388442713366e-07,9.445635734736944e-07,1.9799373783398505e-06,2.7490470403684405e-07,6.496654323198385e-07,3.4193466760241373e-07,6.285063168301163e-07,5.003207252435493e-07,1.0711008047520828e-07,2.794675714117297e-07,3.099587438049046e-07,1.358859322126884e-07,6.011159453148118e-08,1.357012261934349e-07,1.4208069144273997e-07,6.71310298890027e-08,1.5415542585903556e-08,4.2309530964240326e-08,4.298346126924422e-08,1.598936105463888e-08,1.7831008291791318e-08,2.5818336637087078e-08,1.8119211998548146e-08,5.664473056794434e-09,1.3053733230121539e-08,1.3120378693527558e-08,5.7350724152797494e-09,5.208830168452799e-09,7.204949601068784e-09,5.240367501691486e-09,1.1042506530882362e-09,2.3598686013512657e-09,2.365836551008049e-09,1.111261620730965e-09
2.024949006552814e-07,1.6407619194217184e-07,6.56024473928839e-08,6.496149786291677e-07,2.74904704036844e-07,1.1673971874140207e-06,1.0256348421103826e-07,5.830000850937956e-07,3.9829931669343657e-07,1.734399561397429e-07,1.4287853899784037e-07,2.558683932079682e-07,1.8322066918851966e-07,6.345600205624753e-08,5.874864498672845e-08,1.1334746747902836e-07,9.720367275372148e-08,4.044983873187753e-08,1.2724985860473001e-08,3.3346798893409426e-08,3.1620575838759284e-08,1.126610849839517e-08,1.4068100572146024e-08,1.9666955413170908e-08,1.3335423917374854e-08,4.4311443690224705e-09,1.0056158944208092e-08,9.887676948471887e-09,4.257575109724322e-09,4.020164373216452e-09,5.489979654414546e-09,3.942483888819525e-09,8.521112756694168e-10,1.807410270960061e-09,1.7935695010591577e-09,8.361989740333163e-10
6.56067717266405e-08,1.6408843312405956e-07,2.025135678477235e-07,2.7492269051263e-07,6.496654323198384e-07,1.025634842110383e-07,1.1675351480687874e-06,1.7344703733987343e-07,3.9833418645272104e-07,5.830715231392317e-07,6.345022657079564e-08,1.8323564519291419e-07,2.5590317858069423e-07,1.4292557319931784e-07,4.0445448508544764e-08,9.721240851816058e-08,1.1336668366399119e-07,5.877126175173876e-08,1.1262809100125154e-08,3.162323098358235e-08,3.335378627038101e-08,1.273257699011866e-08,1.3335111252478713e-08,1.9669915070314365e-08,1.4072719940533365e-08,4.256332611732961e-09,9.888437049646453e-09,1.0058477287621363e-08,4.433818817095924e-09,3.942273357196105e-09,5.490831247354341e-09,4.021631285440649e-09,8.358399158461429e-10,1.7934976114784902e-09,1.8080474887073936e-09,8.527441029991702e-10
1.1442372614070617e-07,1.4239508848155882e-07,7.525839835046459e-08,5.002914448684336e-07,3.4193466760241373e-07,5.830000850937959e-07,1.734470373398734e-07,1.8917237053361954e-06,1.0648480695733915e-06,4.0605894072084726e-07,6.397234614995279e-07,1.0260735795232194e-06,5.745721097985182e-07,1.8112923295221737e-07,2.4385849766711056e-07,4.3935512725295574e-07,3.398362939100452e-07,1.328855239777547e-07,4.918843395989011e-08,1.2605794974674256e-07,1.1549284151240389e-07,4.026718468881136e-08,5.322292080615026e-08,7.312656393023085e-08,4.873895983977617e-08,1.6695708775450334e-08,3.760473508733668e-08,3.657302476716677e-08,1.5630276193289574e-08,1.5047548677000763e-08,2.0419206055528097e-08,1.4570765247590966e-08,3.189215949685754e-09,6.739610972931133e-09,6.654168185210234e-09,3.0907763987214683e-09
1.350823732747857e-07,2.1270978505189796e-07,1.35085124860901e-07,6.284977305606159e-07,6.285063168301164e-07,3.9829931669343635e-07,3.983341864527209e-07,1.064848069573391e-06,2.3384128969197928e-06,1.0648903317137406e-06,4.071195922003498e-07,1.2146698920968326e-06,1.2146945498231085e-06,4.0719424721137674e-07,2.451424828409547e-07,5.611982040986591e-07,5.612162938800586e-07,2.4519717105030053e-07,6.261487130306138e-08,1.7093877877502864e-07,1.7094878684419832e-07,6.264203909854922e-08,7.195383193693471e-08,1.0347930334049798e-07,7.196614020042473e-08,2.2815975127990026e-08,5.2424211429802554e-08,5.2428156309301236e-08,2.2826101333068354e-08,2.0924171393197086e-08,2.886234882511085e-08,2.0928507365055067e-08,4.435568954144695e-09,9.46389018505256e-09,9.465740711351203e-09,4.438160161703482e-09
7.526097659870825e-08,1.4240248825081705e-07,1.1443217641947969e-07,3.4194761010323714e-07,5.003207252435494e-07,1.7343995613974286e-07,5.830715231392318e-07,4.060589407208471e-07,1.064890331713741e-06,1.8918309557418478e-06,1.8110535174880718e-07,5.745900368902695e-07,1.0261369501594698e-06,6.398568242986959e-07,1.328656102085781e-07,3.3984950639715784e-07,4.394010943254088e-07,2.43932989873827e-07,4.025371291041701e-08,1.154970623515093e-07,1.2607771913436093e-07,4.921511932881873e-08,4.873566782741241e-08,7.313407232844875e-08,5.3237763410967215e-08,1.5625048408580495e-08,3.6574189221432754e-08,3.7611647063940125e-08,1.6705005787806747e-08,1.4569351307690559e-08,2.0421454768247257e-08,1.5052352890559133e-08,3.0893158094797042e-09,6.653609372579236e-09,6.7416858345711625e-09,3.1914404485464324e-09
3.06947508798376e-08,4.1107371120247584e-08,2.347866014269953e-08,1.358551863573806e-07,1.0711008047520826e-07,1.4287853899784037e-07,6.345022657079568e-08,6.39723461499528e-07,4.071195922003502e-07,1.811053517488073e-07,1.2470411420344544e-06,7.968398420648103e-07,3.521126346834188e-07,1.0760300427390123e-07,4.869675190862614e-07,5.21776009694006e-07,2.9516007879209367e-07,1.0377616855548537e-07,6.650084845068873e-08,1.5263963030294862e-07,1.2264087572338508e-07,4.0023347330807654e-08,6.526989856870482e-08,8.34284868503995e-08,5.225095965912694e-08,2.0162019836322204e-08,4.399691695926744e-08,4.100685935262976e-08,1.7053401372579783e-08,1.7687177006023825e-08,2.3401971462719518e-08,1.629918174628692e-08,3.748036271034117e-09,7.804050382320888e-09,7.554044218503772e-09,3.459257056126892e-09
6.828841134740845e-08,9.966657268456718e-08,6.096974886387194e-08,3.099445166123773e-07,2.7946757141172983e-07,2.5586839320796837e-07,1.8323564519291424e-07,1.0260735795232199e-06,1.214669892096833e-06,5.745900368902697e-07,7.968398420648103e-07,2.3039526401027193e-06,1.2286655363590413e-06,3.5216948622125697e-07,5.508671741923485e-07,1.197360039742993e-06,8.732791697707759e-07,3.144577793920966e-07,1.2541112510086957e-07,3.266276089619773e-07,2.9874349600633985e-07,1.0287357889027224e-07,1.372984221784952e-07,1.8926230996328367e-07,1.2571713029725283e-07,4.3082342005792665e-08,9.71888683203683e-08,9.451789513956769e-08,4.0336041029524056e-08,3.887229350333511e-08,5.2769945706441824e-08,3.76407373756574e-08,8.238216987742827e-09,1.7414480366725198e-08,1.719372062993635e-08,7.984034421558176e-09
6.096985609892792e-08,9.96694618727769e-08,6.829234527069193e-08,2.7947013051922505e-07,3.0995874380490475e-07,1.8322066918851977e-07,2.5590317858069444e-07,5.745721097985188e-07,1.2146945498231104e-06,1.0261369501594707e-06,3.521126346834193e-07,1.2286655363590415e-06,2.304004961166134e-06,7.969770627228133e-07,3.1440096673027874e-07,8.732769138709912e-07,1.197414134593277e-06,5.509879233683528e-07,1.0283489768159682e-07,2.987396250430802e-07,3.266584986075151e-07,1.2546970270500707e-07,1.2570244899357354e-07,1.89271084796624e-07,1.37327843952381e-07,4.03205081436815e-08,9.451578520310726e-08,9.720097572924447e-08,4.3103600898688e-08,3.763506356458304e-08,5.277276259261001e-08,3.888237356857387e-08,7.979832944603497e-09,1.7191322191815473e-08,1.7418830305835543e-08,8.24346866320703e-09
2.348289545630095e-08,4.111598980270991e-08,3.0702252938537586e-08,1.071299275757356e-07,1.3588593221268843e-07,6.345600205624757e-08,1.4292557319931787e-07,1.8112923295221731e-07,4.0719424721137674e-07,6.398568242986959e-07,1.076030042739012e-07,3.5216948622125686e-07,7.969770627228131e-07,1.2473644747535466e-06,1.0377535575393277e-07,2.9520996453411e-07,5.218840828024646e-07,4.871529496448075e-07,4.0016413410506876e-08,1.2266398952340279e-07,1.5268643136443886e-07,6.654774445290179e-08,5.225600605657066e-08,8.3450414497447e-08,6.529889091473612e-08,1.705062723346552e-08,4.1015043081091206e-08,4.40124149961987e-08,2.0176765816828997e-08,1.630041057578637e-08,2.3408565455457267e-08,1.7695898673829204e-08,3.458224634789327e-09,7.554724736836014e-09,7.807816600317396e-09,3.751309725948389e-09
1.4892619185583594e-08,2.1516611859448047e-08,1.316439527060125e-08,6.711299740572806e-08,6.01115945314812e-08,5.874864498672851e-08,4.0445448508544804e-08,2.438584976671107e-07,2.4514248284095484e-07,1.3286561020857822e-07,4.869675190862616e-07,5.508671741923486e-07,3.144009667302788e-07,1.0377535575393274e-07,1.4298452096322072e-06,8.854717046152739e-07,4.031590861367464e-07,1.356028215451342e-07,2.1285697037664644e-07,3.857818722381511e-07,2.483476267354856e-07,7.41481581107193e-08,1.7317705719198702e-07,1.9327380379641247e-07,1.0930733594752364e-07,5.223594534407235e-08,1.0735107554726103e-07,9.278139366995429e-08,3.687400309141967e-08,4.361276936539077e-08,5.512122424724838e-08,3.6797521922818625e-08,9.242620267362512e-09,1.8735410945204926e-08,1.750659736820138e-08,7.819643422237128e-09
3.130021239005546e-08,4.6973611720670514e-08,2.974263734109639e-08,1.4207174062452275e-07,1.3570122619343493e-07,1.1334746747902842e-07,9.721240851816061e-08,4.393551272529561e-07,5.611982040986597e-07,3.3984950639715826e-07,5.217760096940062e-07,1.1973600397429933e-06,8.732769138709913e-07,2.9520996453411005e-07,8.85471704615274e-07,2.3667417260277984e-06,1.2810879763437943e-06,4.0322788339359703e-07,2.8341666318010117e-07,7.416453800901166e-07,6.09149391040624e-07,1.9195908118881347e-07,3.06963313075216e-07,4.0832608525935116e-07,2.5601292848796394e-07,9.536807847088296e-08,2.1202790866267494e-07,2.0016912038311976e-07,8.334148331153355e-08,8.488773811342309e-08,1.1345259726731388e-07,7.945404647546904e-08,1.7983011167427427e-08,3.767775195107764e-08,3.6698416733791533e-08,1.6856036757726052e-08
2.9742792979533838e-08,4.697547262946887e-08,3.130255992793704e-08,1.3570321006470016e-07,1.4208069144274013e-07,9.720367275372147e-08,1.1336668366399127e-07,3.398362939100452e-07,5.612162938800591e-07,4.394010943254091e-07,2.951600787920938e-07,8.732791697707757e-07,1.197414134593276e-06,5.218840828024647e-07,4.031590861367464e-07,1.281087976343794e-06,2.3668099486828767e-06,8.856325823699578e-07,1.9189110222293071e-07,6.09143957845019e-07,7.417008230500579e-07,2.8353740079225755e-07,2.559861886110737e-07,4.0834352473203593e-07,3.070234832385779e-07,8.331067481206411e-08,2.0016569734627846e-07,2.1205322188374625e-07,9.541404665285949e-08,7.944281838494535e-08,1.1345889930129781e-07,8.490942803130752e-08,1.6847346754736124e-08,3.669353704352641e-08,3.768720521948055e-08,1.7994424701240622e-08
1.316713559859973e-08,2.15218710441344e-08,1.4896843718545786e-08,6.012457680681557e-08,6.713102988900276e-08,4.044983873187758e-08,5.877126175173884e-08,1.3288552397775473e-07,2.451971710503006e-07,2.439329898738271e-07,1.0377616855548547e-07,3.1445777939209644e-07,5.509879233683528e-07,4.871529496448075e-07,1.356028215451342e-07,4.032278833935971e-07,8.856325823699577e-07,1.4302048561360415e-06,7.413631894492589e-08,2.483933117685461e-07,3.8588894041306656e-07,2.129967169449379e-07,1.0931911724784727e-07,1.9332402376038962e-07,1.7325224401261778e-07,3.686878706506272e-08,9.280096620578276e-08,1.073895111407171e-07,5.227467718610489e-08,3.6801008454231426e-08,5.51375654231055e-08,4.3634900899543075e-08,7.817482829293026e-09,1.750852857383366e-08,1.87447985761381e-08,9.250858953004745e-09
3.5228914786591286e-09,5.309667832583207e-09,3.3836421587667236e-09,1.5981799615108546e-08,1.541554258590356e-08,1.272498586047299e-08,1.1262809100125157e-08,4.9188433959890094e-08,6.261487130306136e-08,4.025371291041701e-08,6.650084845068867e-08,1.2541112510086946e-07,1.0283489768159678e-07,4.001641341050685e-08,2.128569703766464e-07,2.8341666318010096e-07,1.918911022229306e-07,7.413631894492583e-08,1.2225196526030818e-06,7.030010308442587e-07,2.967325315155236e-07,8.065828592540682e-08,6.850628585252976e-07,3.872738133485712e-07,1.6598547678616727e-07,2.0902318704130482e-07,3.002022110610973e-07,1.8899949766884764e-07,6.494859424631634e-08,1.3436428016204834e-07,1.3598761895667454e-07,7.639605966743976e-08,2.8734945023971894e-08,5.1035807580460736e-08,4.069230215779148e-08,1.639921888902751e-08
9.45945350813216e-09,1.4423282455872717e-08,9.29489228370273e-09,4.2979547646238205e-08,4.2309530964240346e-08,3.334679889340943e-08,3.162323098358237e-08,1.2605794974674256e-07,1.7093877877502878e-07,1.154970623515094e-07,1.5263963030294862e-07,3.2662760896197734e-07,2.987396250430802e-07,1.2266398952340279e-07,3.8578187223815127e-07,7.416453800901165e-07,6.091439578450189e-07,2.4839331176854593e-07,7.030010308442592e-07,2.4182052761887216e-06,1.1585286265884025e-06,2.9682952088910264e-07,1.1296476084942135e-06,1.310206278807422e-06,5.86582861359088e-07,3.340926573539985e-07,7.233776549661838e-07,5.808687732032498e-07,2.1206753854060534e-07,2.874843402498559e-07,3.5845363157809017e-07,2.2755341213041754e-07,6.067525079512943e-08,1.2257727508068033e-07,1.1163007622647297e-07,4.836326970091627e-08
9.295097157317377e-09,1.4424181065518585e-08,9.460428063621717e-09,4.231092332845723e-08,4.298346126924428e-08,3.162057583875932e-08,3.3353786270381036e-08,1.1549284151240398e-07,1.7094878684419821e-07,1.26077719134361e-07,1.226408757233852e-07,2.9874349600633985e-07,3.2665849860751537e-07,1.5268643136443894e-07,2.483476267354856e-07,6.091493910406241e-07,7.417008230500583e-07,3.8588894041306683e-07,2.9673253151552385e-07,1.158528626588403e-06,2.418304728633732e-06,7.032404873429892e-07,5.865380678102472e-07,1.3102420774658737e-06,1.1297956875999944e-06,2.119989833790363e-07,5.808660027147143e-07,7.234457341190029e-07,3.3423408074856365e-07,2.2752785138412196e-07,3.584741473404176e-07,2.8755071127607497e-07,4.83400246364756e-08,1.1161739195845574e-07,1.2260759576388e-07,6.07123988436081e-08
3.38500166474797e-09,5.312022020918708e-09,3.524603954858647e-09,1.5421895380485493e-08,1.5989361054638884e-08,1.1266108498395185e-08,1.2732576990118676e-08,4.02671846888114e-08,6.264203909854929e-08,4.9215119328818795e-08,4.0023347330807654e-08,1.0287357889027229e-07,1.2546970270500718e-07,6.654774445290181e-08,7.414815811071934e-08,1.9195908118881345e-07,2.835374007922576e-07,2.1299671694493785e-07,8.065828592540686e-08,2.968295208891026e-07,7.032404873429894e-07,1.2231375871855193e-06,1.6602916229396076e-07,3.874153143934638e-07,6.85347944356143e-07,6.495090815279504e-08,1.890665013049676e-07,3.003392597405034e-07,2.0919543941811772e-07,7.641613105298603e-08,1.3604754908778028e-07,1.3444993552769765e-07,1.6397585308551904e-08,4.07036392706682e-08,5.10693626874003e-08,2.8764855841638916e-08
3.987484362366126e-09,6.0789446254927154e-09,3.9175803062942225e-09,1.811548583835502e-08,1.7831008291791335e-08,1.4068100572146034e-08,1.3335111252478734e-08,5.3222920806150294e-08,7.195383193693473e-08,4.873566782741247e-08,6.526989856870482e-08,1.3729842217849526e-07,1.2570244899357354e-07,5.225600605657066e-08,1.7317705719198707e-07,3.069633130752157e-07,2.5598618861107365e-07,1.0931911724784718e-07,6.850628585252985e-07,1.1296476084942127e-06,5.865380678102472e-07,1.6602916229396068e-07,2.1196398002545605e-06,1.0758798627485319e-06,4.1335423601688004e-07,7.658622399431423e-07,1.1313505833648345e-06,5.768508806727003e-07,1.8232711585043205e-07,5.083469751661306e-07,4.7164452629525473e-07,2.3896306002207516e-07,1.0771775385347366e-07,1.8490864638290793e-07,1.3645561125278886e-07,5.1710477624717584e-08
5.6770757576989665e-09,8.73217636303001e-09,5.677312609501125e-09,2.581755777394997e-08,2.5818336637087097e-08,1.9666955413170925e-08,1.966991507031439e-08,7.312656393023086e-08,1.0347930334049799e-07,7.313407232844881e-08,8.342848685039952e-08,1.8926230996328383e-07,1.8927108479662407e-07,8.3450414497447e-08,1.9327380379641253e-07,4.083260852593511e-07,4.083435247320362e-07,1.9332402376038962e-07,3.8727381334857186e-07,1.3102062788074224e-06,1.3102420774658734e-06,3.8741531439346354e-07,1.075879862748532e-06,2.5281878714671704e-06,1.0759796400946356e-06,4.286641888676627e-07,1.2960056663871804e-06,1.2960551103879258e-06,4.2880737710885893e-07,4.796402952195619e-07,7.204737683588174e-07,4.797098426585666e-07,1.009561891803121e-07,2.2803934083580146e-07,2.2807736264562773e-07,1.0100799772287076e-07
3.918101991302325e-09,6.080010185505729e-09,3.988353268290322e-09,1.7833579751697262e-08,1.8119211998548155e-08,1.3335423917374864e-08,1.4072719940533363e-08,4.8738959839776185e-08,7.196614020042482e-08,5.323776341096726e-08,5.225095965912694e-08,1.2571713029725285e-07,1.3732784395238093e-07,6.529889091473614e-08,1.0930733594752357e-07,2.560129284879638e-07,3.0702348323857783e-07,1.7325224401261778e-07,1.6598547678616735e-07,5.865828613590879e-07,1.1297956875999936e-06,6.853479443561434e-07,4.133542360168799e-07,1.0759796400946352e-06,2.1198852094755546e-06,1.8228556218632837e-07,5.768910216147285e-07,1.1314891544793138e-06,7.661579424914427e-07,2.3895865076619254e-07,4.7170473356334243e-07,5.084840869519956e-07,5.169089902869482e-08,1.3645316247370372e-07,1.8496856105358306e-07,1.0778928896991869e-07
1.2614704346761042e-09,1.927323142446188e-09,1.2447981977036293e-09,5.732328457302178e-09,5.664473056794437e-09,4.431144369022475e-09,4.2563326117329675e-09,1.6695708775450357e-08,2.2815975127990046e-08,1.5625048408580515e-08,2.0162019836322227e-08,4.308234200579271e-08,4.0320508143681513e-08,1.7050627233465536e-08,5.223594534407242e-08,9.536807847088303e-08,8.331067481206411e-08,3.686878706506272e-08,2.0902318704130497e-07,3.340926573539986e-07,2.119989833790365e-07,6.495090815279505e-08,7.658622399431426e-07,4.286641888676627e-07,1.8228556218632856e-07,1.4950733249737864e-06,7.817719240118815e-07,3.18750430833425e-07,9.600150800505586e-08,7.499521934914403e-07,3.779927342043996e-07,1.517432396965075e-07,1.8423334111357174e-07,2.0622150209490048e-07,1.062981682211251e-07,3.410939082832333e-08
2.885713306290976e-09,4.42608440802599e-09,2.869700223180429e-09,1.3118966723849105e-08,1.3053733230121555e-08,1.0056158944208104e-08,9.888437049646461e-09,3.7604735087336737e-08,5.242421142980262e-08,3.657418922143279e-08,4.3996916959267486e-08,9.718886832036837e-08,9.451578520310733e-08,4.101504308109124e-08,1.073510755472611e-07,2.1202790866267507e-07,2.0016569734627864e-07,9.280096620578281e-08,3.002022110610977e-07,7.233776549661843e-07,5.808660027147146e-07,1.8906650130496783e-07,1.1313505833648352e-06,1.2960056663871821e-06,5.768910216147287e-07,7.817719240118814e-07,2.39097494519547e-06,1.1185864419356324e-06,3.1884196563778743e-07,1.054864188224148e-06,1.1702688096957536e-06,5.01186447531466e-07,2.12277262312348e-07,4.322535794239219e-07,3.1571168724350963e-07,1.0995027034995669e-07
2.8697975639404403e-09,4.426423547286038e-09,2.8860581130242215e-09,1.305432591873355e-08,1.3120378693527576e-08,9.8876769484719e-09,1.0058477287621373e-08,3.6573024767166826e-08,5.2428156309301236e-08,3.761164706394017e-08,4.100685935262976e-08,9.451789513956765e-08,9.720097572924444e-08,4.401241499619869e-08,9.278139366995432e-08,2.0016912038311968e-07,2.1205322188374638e-07,1.0738951114071709e-07,1.8899949766884783e-07,5.8086877320325e-07,7.234457341190023e-07,3.003392597405034e-07,5.768508806727008e-07,1.2960551103879254e-06,1.1314891544793138e-06,3.1875043083342504e-07,1.1185864419356316e-06,2.391072388695093e-06,7.820088171397531e-07,5.01142660917721e-07,1.1703038577533904e-06,1.0550018425301935e-06,1.099013617607355e-07,3.1567917394021784e-07,4.3233698566413385e-07,2.1238249968020156e-07
1.24530100928251e-09,1.928185067469602e-09,1.2620896767720997e-09,5.666825102560735e-09,5.735072415279758e-09,4.257575109724324e-09,4.4338188170959285e-09,1.5630276193289584e-08,2.2826101333068368e-08,1.670500578780676e-08,1.7053401372579766e-08,4.033604102952403e-08,4.3103600898688e-08,2.0176765816829004e-08,3.6874003091419684e-08,8.334148331153353e-08,9.541404665285946e-08,5.227467718610487e-08,6.494859424631635e-08,2.1206753854060547e-07,3.342340807485638e-07,2.0919543941811782e-07,1.8232711585043205e-07,4.288073771088592e-07,7.661579424914428e-07,9.600150800505577e-08,3.188419656377873e-07,7.820088171397531e-07,1.4956588548199084e-06,1.5177408867017786e-07,3.781136634757971e-07,7.502244707038656e-07,3.4104138952369286e-08,1.0631958107185863e-07,2.0632674644775008e-07,1.8437612438348187e-07
1.1524879327059548e-09,1.7668588581786227e-09,1.1450537420758577e-09,5.239107671867174e-09,5.208830168452804e-09,4.020164373216456e-09,3.9422733571961075e-09,1.5047548677000773e-08,2.092417139319711e-08,1.456935130769058e-08,1.7687177006023832e-08,3.887229350333514e-08,3.763506356458305e-08,1.6300410575786378e-08,4.3612769365390754e-08,8.488773811342309e-08,7.944281838494537e-08,3.6801008454231446e-08,1.3436428016204834e-07,2.8748434024985587e-07,2.2752785138412194e-07,7.641613105298601e-08,5.083469751661302e-07,4.796402952195621e-07,2.3895865076619254e-07,7.499521934914404e-07,1.0548641882241475e-06,5.011426609177211e-07,1.517740886701779e-07,1.9848492584275693e-06,8.652819847136089e-07,2.883017832046112e-07,5.407751838431998e-07,6.836408309524669e-07,2.520675713262294e-07,6.825691273922615e-08
1.5843209757370304e-09,2.4368302569380624e-09,1.5843894943523917e-09,7.2047224576441215e-09,7.204949601068797e-09,5.48997965441455e-09,5.4908312473543465e-09,2.0419206055528104e-08,2.8862348825110867e-08,2.0421454768247283e-08,2.340197146271951e-08,5.276994570644183e-08,5.277276259261002e-08,2.3408565455457277e-08,5.512122424724839e-08,1.1345259726731393e-07,1.1345889930129783e-07,5.51375654231055e-08,1.3598761895667464e-07,3.584536315780901e-07,3.584741473404173e-07,1.3604754908778028e-07,4.7164452629525473e-07,7.204737683588175e-07,4.7170473356334233e-07,3.779927342043997e-07,1.1702688096957532e-06,1.1703038577533904e-06,3.7811366347579714e-07,8.652819847136091e-07,2.204557038233516e-06,8.653722402177356e-07,2.0503830036274222e-07,7.31001713714367e-07,7.310924423980014e-07,2.0513272526959208e-07
1.145243274804596e-09,1.7672279236499824e-09,1.1527788602488264e-09,5.209752369549076e-09,5.2403675016914865e-09,3.942483888819524e-09,4.021631285440648e-09,1.4570765247590974e-08,2.0928507365055074e-08,1.505235289055915e-08,1.6299181746286905e-08,3.764073737565738e-08,3.888237356857383e-08,1.76958986738292e-08,3.6797521922818586e-08,7.9454046475469e-08,8.490942803130752e-08,4.363490089954307e-08,7.63960596674398e-08,2.2755341213041762e-07,2.8755071127607466e-07,1.344499355276976e-07,2.389630600220751e-07,4.797098426585666e-07,5.084840869519955e-07,1.5174323969650726e-07,5.011864475314656e-07,1.0550018425301935e-06,7.502244707038649e-07,2.8830178320461104e-07,8.653722402177362e-07,1.985070855529621e-06,6.823234126726123e-08,2.5206459320125845e-07,6.837950335269646e-07,5.409882453943937e-07
2.443012342487647e-10,3.7455100353797206e-10,2.427482395211764e-10,1.1105756571797128e-09,1.1042506530882377e-09,8.521112756694173e-10,8.35839915846144e-10,3.1892159496857564e-09,4.4355689541446975e-09,3.0893158094797075e-09,3.748036271034121e-09,8.238216987742835e-09,7.979832944603498e-09,3.4582246347893292e-09,9.242620267362519e-09,1.7983011167427434e-08,1.6847346754736134e-08,7.81748282929303e-09,2.8734945023971937e-08,6.067525079512945e-08,4.83400246364756e-08,1.6397585308551907e-08,1.0771775385347363e-07,1.009561891803121e-07,5.1690899028694856e-08,1.8423334111357187e-07,2.1227726231234789e-07,1.099013617607355e-07,3.41041389523693e-08,5.407751838432001e-07,2.0503830036274222e-07,6.823234126726125e-08,1.0176945092970624e-06,2.9236118790144065e-07,6.802637162394149e-08,1.6707476261292894e-08
5.202032210784101e-10,7.990763486168111e-10,5.188728183180979e-10,2.3652972327366075e-09,2.3598686013512665e-09,1.8074102709600625e-09,1.7934976114784925e-09,6.739610972931137e-09,9.463890185052568e-09,6.6536093725792455e-09,7.804050382320888e-09,1.741448036672521e-08,1.7191322191815463e-08,7.554724736836017e-09,1.8735410945204923e-08,3.7677751951077635e-08,3.6693537043526415e-08,1.7508528573833667e-08,5.1035807580460776e-08,1.2257727508068044e-07,1.1161739195845578e-07,4.07036392706682e-08,1.8490864638290796e-07,2.280393408358016e-07,1.3645316247370372e-07,2.0622150209490048e-07,4.322535794239216e-07,3.1567917394021784e-07,1.0631958107185853e-07,6.83640830952467e-07,7.310017137143669e-07,2.520645932012585e-07,2.9236118790144065e-07,1.265655696302493e-06,3.4990019413927534e-07,6.805118789544274e-08
5.189520118543007e-10,7.992331320926207e-10,5.203279993498423e-10,2.3602563236205088e-09,2.365836551008051e-09,1.7935695010591592e-09,1.8080474887073952e-09,6.654168185210236e-09,9.465740711351205e-09,6.741685834571166e-09,7.554044218503774e-09,1.7193720629936353e-08,1.7418830305835533e-08,7.8078166003174e-09,1.7506597368201374e-08,3.669841673379152e-08,3.768720521948056e-08,1.8744798576138098e-08,4.069230215779149e-08,1.11630076226473e-07,1.2260759576387988e-07,5.10693626874003e-08,1.3645561125278884e-07,2.2807736264562778e-07,1.8496856105358308e-07,1.062981682211251e-07,3.157116872435096e-07,4.323369856641339e-07,2.0632674644775006e-07,2.5206757132622943e-07,7.310924423980018e-07,6.837950335269645e-07,6.802637162394149e-08,3.4990019413927545e-07,1.265936311202162e-06,2.9253702488905584e-07
2.428798648085478e-10,3.7477043408238493e-10,2.4445506139875664e-10,1.104862169663694e-09,1.1112616207309668e-09,8.361989740333168e-10,8.527441029991713e-10,3.0907763987214712e-09,4.438160161703488e-09,3.1914404485464365e-09,3.459257056126893e-09,7.98403442155818e-09,8.243468663207036e-09,3.751309725948391e-09,7.819643422237133e-09,1.6856036757726065e-08,1.7994424701240626e-08,9.250858953004749e-09,1.639921888902753e-08,4.83632697009163e-08,6.071239884360807e-08,2.8764855841638916e-08,5.171047762471762e-08,1.0100799772287077e-07,1.0778928896991871e-07,3.4109390828323336e-08,1.0995027034995669e-07,2.1238249968020156e-07,1.8437612438348181e-07,6.825691273922623e-08,2.0513272526959221e-07,5.409882453943937e-07,1.67074762612929e-08,6.805118789544274e-08,2.925370248890558e-07,1.0180465853772815e-06
